StateName,DistrictName,blockName,GramPanchayatName,IHHLTotalAsPerDetails,IHHLTotalAch
"Andhra Pradesh",NELLORE,CHEJERLA,YETURU,103,103
"Andhra Pradesh",NELLORE,CHILLAKUR,ANNAMBAKA,237,237
"Andhra Pradesh",NELLORE,CHILLAKUR,BALLAVOLU,525,527
"Andhra Pradesh",NELLORE,CHILLAKUR,BUDANAM,796,597
"Andhra Pradesh",NELLORE,CHILLAKUR,CHEDIMALA,405,405
"Andhra Pradesh",NELLORE,CHILLAKUR,CHILLAKUR,580,580
"Andhra Pradesh",NELLORE,CHILLAKUR,CHINTHAVARAM,1179,507
"Andhra Pradesh",NELLORE,CHILLAKUR,"EAST KANUPURU",160,160
"Andhra Pradesh",NELLORE,CHILLAKUR,EGUVARAJUPALEM,110,110
"Andhra Pradesh",NELLORE,CHILLAKUR,KADIVEDU,274,274
"Andhra Pradesh",NELLORE,CHILLAKUR,KALAVAKONDA,321,321
"Andhra Pradesh",NELLORE,CHILLAKUR,"KAMMAVARI PALEM",143,143
"Andhra Pradesh",NELLORE,CHILLAKUR,LINGAVARAM,377,377
"Andhra Pradesh",NELLORE,CHILLAKUR,"MANNE GUNTA",166,166
"Andhra Pradesh",NELLORE,CHILLAKUR,MOMIDI,283,283
"Andhra Pradesh",NELLORE,CHILLAKUR,MUTHYALAPADU,714,714
"Andhra Pradesh",NELLORE,CHILLAKUR,NELABALI,481,481
"Andhra Pradesh",NELLORE,CHILLAKUR,ODURU,229,229
"Andhra Pradesh",NELLORE,CHILLAKUR,PALICHERLAVARIPALEM,330,330
"Andhra Pradesh",NELLORE,CHILLAKUR,PALLAMALA,204,204
"Andhra Pradesh",NELLORE,CHILLAKUR,PONNAVOLU,174,174
"Andhra Pradesh",NELLORE,CHILLAKUR,"THAMMINA PATNAM",463,463
"Andhra Pradesh",NELLORE,CHILLAKUR,THEEPANURU,183,183
"Andhra Pradesh",NELLORE,CHILLAKUR,THIKKAVARAM,283,283
"Andhra Pradesh",NELLORE,CHILLAKUR,"THIMMANA GAARI PALEM",160,160
"Andhra Pradesh",NELLORE,CHILLAKUR,THIPPAGUNTAPALEM,325,325
"Andhra Pradesh",NELLORE,CHILLAKUR,THONUKUMALA,328,328
"Andhra Pradesh",NELLORE,CHILLAKUR,UDATHAVARIPALEM,655,655
"Andhra Pradesh",NELLORE,CHILLAKUR,VALLIPADU,191,191
"Andhra Pradesh",NELLORE,CHILLAKUR,VARAGALI,370,370
"Andhra Pradesh",NELLORE,CHILLAKUR,VELLAPALEM,492,492
"Andhra Pradesh",NELLORE,CHILLAKUR,YERURU,479,479
"Andhra Pradesh",NELLORE,CHITTAMUR,ARAVAPALEM,510,510
"Andhra Pradesh",NELLORE,CHITTAMUR,ARURU,510,510
"Andhra Pradesh",NELLORE,CHITTAMUR,BURADAGALIKOTHAPALEM,636,636
"Andhra Pradesh",NELLORE,CHITTAMUR,CHILLAMURU,475,475
"Andhra Pradesh",NELLORE,CHITTAMUR,CHITTAMUR,378,378
"Andhra Pradesh",NELLORE,CHITTAMUR,ESWARAWAKA,708,708
"Andhra Pradesh",NELLORE,CHITTAMUR,GUNAPADU,256,256
"Andhra Pradesh",NELLORE,CHITTAMUR,GUNAPATIPALEM,420,420
"Andhra Pradesh",NELLORE,CHITTAMUR,KOGILI,615,615
"Andhra Pradesh",NELLORE,CHITTAMUR,MALLAM,1205,1205
"Andhra Pradesh",NELLORE,CHITTAMUR,METTU,350,350
"Andhra Pradesh",NELLORE,CHITTAMUR,MOLAKALAPUDI,333,333
"Andhra Pradesh",NELLORE,CHITTAMUR,"NORTH VARTHURU",94,94
"Andhra Pradesh",NELLORE,CHITTAMUR,"PALLAM PARTHI",104,104
"Andhra Pradesh",NELLORE,CHITTAMUR,PELLAKUR,290,290
"Andhra Pradesh",NELLORE,CHITTAMUR,"RANGANATHA PURAM",111,111
"Andhra Pradesh",NELLORE,CHITTAMUR,TADIMEDU,159,159
"Andhra Pradesh",NELLORE,CHITTAMUR,"UPPALA MARTHY",334,334
"Andhra Pradesh",NELLORE,CHITTAMUR,YELLASIRI,709,709
"Andhra Pradesh",NELLORE,CHITTAMUR,YELLORE,206,205
"Andhra Pradesh",NELLORE,DAGADARTHI,ANANTHAVARAM,426,426
"Andhra Pradesh",NELLORE,DAGADARTHI,BODAGUDIPADU,161,161
"Andhra Pradesh",NELLORE,ALLUR,ALLUR,2990,2364
"Andhra Pradesh",NELLORE,ALLUR,BATRAGAGALLU,417,417
"Andhra Pradesh",NELLORE,ALLUR,BEERANGUNTA,538,538
"Andhra Pradesh",NELLORE,ALLUR,"EAST GOGULAPALLI",1191,1032
"Andhra Pradesh",NELLORE,ALLUR,VELICHERLA,79,79
"Andhra Pradesh",NELLORE,ALLUR,GRADDGUNTA,654,654
"Andhra Pradesh",NELLORE,ALLUR,INDUPUR,470,470
"Andhra Pradesh",NELLORE,ALLUR,ISKAPALLI,2146,1547
"Andhra Pradesh",NELLORE,ALLUR,"NORTH AMULUR",450,450
"Andhra Pradesh",NELLORE,ALLUR,"NORTH MOPUR",1445,1254
"Andhra Pradesh",NELLORE,ALLUR,PURINI,554,554
"Andhra Pradesh",NELLORE,ALLUR,"SINGA PET",276,276
"Andhra Pradesh",NELLORE,ALLUR,WESTGOGULAPALLI,627,627
"Andhra Pradesh",NELLORE,ANANTHASAGARAM,AMANCHIRUVELLA,625,625
"Andhra Pradesh",NELLORE,ANANTHASAGARAM,ANANTASAGARAM,1196,1196
"Andhra Pradesh",NELLORE,ANANTHASAGARAM,BEDUSUPALLI,66,66
"Andhra Pradesh",NELLORE,ANANTHASAGARAM,BOMMAVARAM,502,502
"Andhra Pradesh",NELLORE,ANANTHASAGARAM,CHILAKALAMARRI,342,342
"Andhra Pradesh",NELLORE,ANANTHASAGARAM,"DV PALLI II",1025,1025
"Andhra Pradesh",NELLORE,ANANTHASAGARAM,GOWRAVARAM,135,135
"Andhra Pradesh",NELLORE,ANANTHASAGARAM,GUDIGUNTA,197,197
"Andhra Pradesh",NELLORE,ANANTHASAGARAM,INAGALURU,151,151
"Andhra Pradesh",NELLORE,ANANTHASAGARAM,ISKAPALLI,212,212
"Andhra Pradesh",NELLORE,ANANTHASAGARAM,KAMIREDDYPADU,494,494
"Andhra Pradesh",NELLORE,ANANTHASAGARAM,LINGAMMAGUNTA,419,419
"Andhra Pradesh",NELLORE,ANANTHASAGARAM,MANCHALAPALLI,325,325
"Andhra Pradesh",NELLORE,ANANTHASAGARAM,MANGUPALLI,167,167
"Andhra Pradesh",NELLORE,ANANTHASAGARAM,MINAGALLU,286,286
"Andhra Pradesh",NELLORE,ANANTHASAGARAM,MUSTAPURAM,336,336
"Andhra Pradesh",NELLORE,ANANTHASAGARAM,"P K PADU",626,626
"Andhra Pradesh",NELLORE,ANANTHASAGARAM,PATHADEVARAYAPALLI,345,345
"Andhra Pradesh",NELLORE,ANANTHASAGARAM,PATHALAPALLI,159,159
"Andhra Pradesh",NELLORE,ANANTHASAGARAM,REVURU,283,283
"Andhra Pradesh",NELLORE,ANANTHASAGARAM,SOMASILA,1405,754
"Andhra Pradesh",NELLORE,ANANTHASAGARAM,UPPALAPADU,192,192
"Andhra Pradesh",NELLORE,ANANTHASAGARAM,VARIGUNTAPADU,142,142
"Andhra Pradesh",NELLORE,ANANTHASAGARAM,"VENGAMPALLI SOUTH",92,92
"Andhra Pradesh",NELLORE,ANUMASAMUDRAMPETA,A.S.PETA,756,756
"Andhra Pradesh",NELLORE,ANUMASAMUDRAMPETA,AKBARABAD,91,91
"Andhra Pradesh",NELLORE,ANUMASAMUDRAMPETA,ANUMASAMUDRAM,427,427
"Andhra Pradesh",NELLORE,ANUMASAMUDRAMPETA,"C.B VARAM",386,386
"Andhra Pradesh",NELLORE,ANUMASAMUDRAMPETA,CHIRAMANA,449,450
"Andhra Pradesh",NELLORE,ANUMASAMUDRAMPETA,"DUBA GUNTA",265,265
"Andhra Pradesh",NELLORE,ANUMASAMUDRAMPETA,GUDIPADU,536,536
"Andhra Pradesh",NELLORE,ANUMASAMUDRAMPETA,GUMPARLAPADU,307,307
"Andhra Pradesh",NELLORE,ANUMASAMUDRAMPETA,HASANAPURAM,390,390
"Andhra Pradesh",NELLORE,ANUMASAMUDRAMPETA,JAMMAVARAM,335,335
"Andhra Pradesh",NELLORE,ANUMASAMUDRAMPETA,K.YADAVALLI,144,144
"Andhra Pradesh",NELLORE,ANUMASAMUDRAMPETA,"KONDAMEEDA KONDURU",165,165
"Andhra Pradesh",NELLORE,ANUMASAMUDRAMPETA,"KUPPURU PEDU",174,174
"Andhra Pradesh",NELLORE,ANUMASAMUDRAMPETA,PANDIPADU,116,116
"Andhra Pradesh",NELLORE,ANUMASAMUDRAMPETA,PEDABBIPURAM,386,386
"Andhra Pradesh",NELLORE,ANUMASAMUDRAMPETA,PONUGODU,382,382
"Andhra Pradesh",NELLORE,ANUMASAMUDRAMPETA,RAJAVOLU,1988,381
"Andhra Pradesh",NELLORE,PODALAKUR,BATHULAPALLI,256,256
"Andhra Pradesh",NELLORE,PODALAKUR,BIRADAVOLU,461,461
"Andhra Pradesh",NELLORE,PODALAKUR,CHATAGOTLA,388,388
"Andhra Pradesh",NELLORE,PODALAKUR,CHENNAREDDYPALLI,477,477
"Andhra Pradesh",NELLORE,PODALAKUR,DEGAPUDI,418,418
"Andhra Pradesh",NELLORE,PODALAKUR,DUGGUNTA,491,491
"Andhra Pradesh",NELLORE,PODALAKUR,INUKURTHI,812,812
"Andhra Pradesh",NELLORE,PODALAKUR,KANUPARTHI,545,545
"Andhra Pradesh",NELLORE,PODALAKUR,MAHAMADAPURAM,491,491
"Andhra Pradesh",NELLORE,PODALAKUR,"MARRIPALLI GOPASAMNDRAM",357,357
"Andhra Pradesh",NELLORE,PODALAKUR,MARUPUR,506,506
"Andhra Pradesh",NELLORE,PODALAKUR,MOGALLURU,512,512
"Andhra Pradesh",NELLORE,PODALAKUR,NANDIVAYA,164,164
"Andhra Pradesh",NELLORE,PODALAKUR,NAVOOR,169,169
"Andhra Pradesh",NELLORE,PODALAKUR,NAVOORPALLI,293,293
"Andhra Pradesh",NELLORE,PODALAKUR,NEDURUPALLI,485,485
"Andhra Pradesh",NELLORE,PODALAKUR,PARLAPALLI,198,198
"Andhra Pradesh",NELLORE,PODALAKUR,PODALAKUR,2608,1009
"Andhra Pradesh",NELLORE,PODALAKUR,PRABHAGIRIPATNAM,403,403
"Andhra Pradesh",NELLORE,PODALAKUR,PULIKALLU,161,161
"Andhra Pradesh",NELLORE,PODALAKUR,R.Y.PALEM,309,309
"Andhra Pradesh",NELLORE,PODALAKUR,SURAYAPALEM,305,305
"Andhra Pradesh",NELLORE,PODALAKUR,THATIPARTHI,865,865
"Andhra Pradesh",NELLORE,PODALAKUR,THODERU,383,383
"Andhra Pradesh",NELLORE,PODALAKUR,"VAVINTA PARTHI",197,197
"Andhra Pradesh",NELLORE,PODALAKUR,VELIKANTIPALEM,117,117
"Andhra Pradesh",NELLORE,PODALAKUR,VIROOR,415,415
"Andhra Pradesh",NELLORE,RAPUR,ADURUPALLI,123,123
"Andhra Pradesh",NELLORE,RAPUR,AKILAVALASA,415,415
"Andhra Pradesh",NELLORE,RAPUR,BOJJANAPALLI,265,265
"Andhra Pradesh",NELLORE,RAPUR,CHERLOPALLE,54,54
"Andhra Pradesh",NELLORE,RAPUR,GILAKAPADU,277,277
"Andhra Pradesh",NELLORE,RAPUR,GONUPALLI,514,514
"Andhra Pradesh",NELLORE,RAPUR,GUNDAVOLU,66,66
"Andhra Pradesh",NELLORE,RAPUR,JOREPALLE,611,611
"Andhra Pradesh",NELLORE,RAPUR,KHAMBHALAPALLE,72,72
"Andhra Pradesh",NELLORE,RAPUR,M.V.PURAM,251,251
"Andhra Pradesh",NELLORE,RAPUR,NELLEPALLE,289,289
"Andhra Pradesh",NELLORE,RAPUR,PANGILI,336,336
"Andhra Pradesh",NELLORE,RAPUR,PENUBARTHI,595,595
"Andhra Pradesh",NELLORE,RAPUR,RAPUR,2870,1673
"Andhra Pradesh",NELLORE,RAPUR,SANAYAPALEM,67,67
"Andhra Pradesh",NELLORE,RAPUR,"SANKURATHRI PALLE",283,283
"Andhra Pradesh",NELLORE,RAPUR,SIDDAVARAM,263,263
"Andhra Pradesh",NELLORE,RAPUR,TEGACHARLA,360,360
"Andhra Pradesh",NELLORE,RAPUR,THUMAYA,168,168
"Andhra Pradesh",NELLORE,RAPUR,VEPINAPI,232,232
"Andhra Pradesh",NELLORE,RAPUR,YEPURU,369,369
"Andhra Pradesh",NELLORE,SANGAM,"ANNAREDDY PALEM",717,717
"Andhra Pradesh",NELLORE,SANGAM,CHENNAVARAPADU,861,287
"Andhra Pradesh",NELLORE,SANGAM,DUVVURU,765,765
"Andhra Pradesh",NELLORE,SANGAM,GANDHJANASAYAM,196,196
"Andhra Pradesh",NELLORE,SANGAM,JANDADIBBA,923,923
"Andhra Pradesh",NELLORE,ANUMASAMUDRAMPETA,SREEKOLANU,509,509
"Andhra Pradesh",NELLORE,ANUMASAMUDRAMPETA,VELPELIGUNTA,37,37
"Andhra Pradesh",NELLORE,ATMAKUR,APPARAOPALEM,691,598
"Andhra Pradesh",NELLORE,ATMAKUR,ARAVEDU,428,428
"Andhra Pradesh",NELLORE,ATMAKUR,ATMAKUR,0,0
"Andhra Pradesh",NELLORE,ATMAKUR,BANDARUPALLI,174,174
"Andhra Pradesh",NELLORE,ATMAKUR,BATTEPADU,387,387
"Andhra Pradesh",NELLORE,ATMAKUR,BOYALACHIRUVELLA,527,527
"Andhra Pradesh",NELLORE,ATMAKUR,"CHERLO YADAVALLI",186,186
"Andhra Pradesh",NELLORE,ATMAKUR,DEPUR,347,347
"Andhra Pradesh",NELLORE,ATMAKUR,KANUPURUPALLI,250,250
"Andhra Pradesh",NELLORE,ATMAKUR,KARATAMPADU,565,565
"Andhra Pradesh",NELLORE,ATMAKUR,MAHIMALUR,611,611
"Andhra Pradesh",NELLORE,ATMAKUR,MURUGALLA,215,215
"Andhra Pradesh",NELLORE,ATMAKUR,NAGULAPADU,185,185
"Andhra Pradesh",NELLORE,ATMAKUR,NALLAPAREDDIPALLI,240,240
"Andhra Pradesh",NELLORE,ATMAKUR,NARAMPETA,99,99
"Andhra Pradesh",NELLORE,ATMAKUR,NELLOREPALEM,644,114
"Andhra Pradesh",NELLORE,ATMAKUR,NUVVURUPADU,419,419
"Andhra Pradesh",NELLORE,ATMAKUR,PADAKANDLA,411,411
"Andhra Pradesh",NELLORE,ATMAKUR,PAMIDIPADU,157,157
"Andhra Pradesh",NELLORE,ATMAKUR,"RAMASWAMI PALLI",286,286
"Andhra Pradesh",NELLORE,ATMAKUR,RAVVALAKOLLU,103,103
"Andhra Pradesh",NELLORE,ATMAKUR,VASILI,594,594
"Andhra Pradesh",NELLORE,ATMAKUR,"VENKATA RAOPALLI",65,65
"Andhra Pradesh",NELLORE,ATMAKUR,VENNAWADA,276,276
"Andhra Pradesh",NELLORE,BALAYAPALLE,ALIMILI,667,667
"Andhra Pradesh",NELLORE,BALAYAPALLE,BALAYAPALLI,798,798
"Andhra Pradesh",NELLORE,BALAYAPALLE,BYARAVARAM,282,282
"Andhra Pradesh",NELLORE,BALAYAPALLE,CHILAMANURU,185,185
"Andhra Pradesh",NELLORE,BALAYAPALLE,GOTTIKADU,366,366
"Andhra Pradesh",NELLORE,BALAYAPALLE,HASTAKAVERI,298,298
"Andhra Pradesh",NELLORE,BALAYAPALLE,JAYAMPU,583,583
"Andhra Pradesh",NELLORE,BALAYAPALLE,KADAGUNTA,475,475
"Andhra Pradesh",NELLORE,BALAYAPALLE,KALAGANDA,151,151
"Andhra Pradesh",NELLORE,BALAYAPALLE,KAMAKURU,274,274
"Andhra Pradesh",NELLORE,BALAYAPALLE,KATRAGUNTA,244,244
"Andhra Pradesh",NELLORE,BALAYAPALLE,KAYYURU,402,402
"Andhra Pradesh",NELLORE,BALAYAPALLE,KOTEMBEDU,216,216
"Andhra Pradesh",NELLORE,BALAYAPALLE,MANNURU,191,191
"Andhra Pradesh",NELLORE,BALAYAPALLE,NIDIGALLU,437,437
"Andhra Pradesh",NELLORE,BALAYAPALLE,PAKAPUDI,202,202
"Andhra Pradesh",NELLORE,BALAYAPALLE,PALLIPADU,130,130
"Andhra Pradesh",NELLORE,BALAYAPALLE,PEGILAM,471,471
"Andhra Pradesh",NELLORE,BALAYAPALLE,PERIMIDI,520,520
"Andhra Pradesh",NELLORE,BALAYAPALLE,SANAGAVARAM,149,149
"Andhra Pradesh",NELLORE,BALAYAPALLE,SIDDAGUNTA,138,138
"Andhra Pradesh",NELLORE,BALAYAPALLE,UTTAPALLI,324,324
"Andhra Pradesh",NELLORE,BALAYAPALLE,VENGAMAMBAPURAM,632,632
"Andhra Pradesh",NELLORE,BOGOLE,"A.B. KANDRIKA",191,191
"Andhra Pradesh",NELLORE,BOGOLE,ALLIMADUGU,1163,645
"Andhra Pradesh",NELLORE,BOGOLE,"SGV. KANDRIKA",189,189
"Andhra Pradesh",NELLORE,BOGOLE,BITRAGUNTA,263,263
"Andhra Pradesh",NELLORE,BOGOLE,BOGOLE,1104,1104
"Andhra Pradesh",NELLORE,BOGOLE,"C.R PALEM",867,867
"Andhra Pradesh",NELLORE,DAGADARTHI,CHENNUR,713,713
"Andhra Pradesh",NELLORE,DAGADARTHI,CHOWTAPUTHEDU,215,215
"Andhra Pradesh",NELLORE,DAGADARTHI,DAGADARTHI,527,527
"Andhra Pradesh",NELLORE,DAGADARTHI,DAMAVARAM,722,409
"Andhra Pradesh",NELLORE,DAGADARTHI,DHARAMAVARAM,287,287
"Andhra Pradesh",NELLORE,DAGADARTHI,DUNDIGAM,163,163
"Andhra Pradesh",NELLORE,DAGADARTHI,K.K.GUNTA,321,321
"Andhra Pradesh",NELLORE,DAGADARTHI,KATRAYAPADU,21,21
"Andhra Pradesh",NELLORE,DAGADARTHI,MANUBOLUPADU,225,225
"Andhra Pradesh",NELLORE,DAGADARTHI,PEDAPUTHEDU,1902,1850
"Andhra Pradesh",NELLORE,DAGADARTHI,RANGASAMUDRAM,268,268
"Andhra Pradesh",NELLORE,DAGADARTHI,TADAKALUR,173,173
"Andhra Pradesh",NELLORE,DAGADARTHI,THIRUVEDHIPADU,412,412
"Andhra Pradesh",NELLORE,DAGADARTHI,THURIMERLA,561,561
"Andhra Pradesh",NELLORE,DAGADARTHI,UCHAGUNTAPALEM,69,69
"Andhra Pradesh",NELLORE,DAGADARTHI,"ULAVA PALLA",146,146
"Andhra Pradesh",NELLORE,DAGADARTHI,VELIPODU,100,100
"Andhra Pradesh",NELLORE,DAGADARTHI,"YELAMANCHI PADU",183,183
"Andhra Pradesh",NELLORE,DAKKILI,ALTHURUPADU,503,503
"Andhra Pradesh",NELLORE,DAKKILI,AMUDURU,312,312
"Andhra Pradesh",NELLORE,DAKKILI,CHAPALAPALLI,401,401
"Andhra Pradesh",NELLORE,DAKKILI,"DAGGA VOLU",630,625
"Andhra Pradesh",NELLORE,DAKKILI,DAKKILI,671,671
"Andhra Pradesh",NELLORE,DAKKILI,"DANDA VOLU",71,71
"Andhra Pradesh",NELLORE,DAKKILI,"DANDAVOLU UPPARA PALLI",159,159
"Andhra Pradesh",NELLORE,DAKKILI,DEVULAPALLE,683,683
"Andhra Pradesh",NELLORE,DAKKILI,"KONESWARA BATLA PALLE",106,106
"Andhra Pradesh",NELLORE,DAKKILI,"LINGA SAMUDRAM",539,539
"Andhra Pradesh",NELLORE,DAKKILI,"MADHAVAIAH PALEM",274,274
"Andhra Pradesh",NELLORE,DAKKILI,"MARLA GUNTA",197,197
"Andhra Pradesh",NELLORE,DAKKILI,MATMADUGU,168,168
"Andhra Pradesh",NELLORE,DAKKILI,MOPURU,346,346
"Andhra Pradesh",NELLORE,DAKKILI,NADIMPALLI,115,115
"Andhra Pradesh",NELLORE,DAKKILI,NAGAVOLU,498,498
"Andhra Pradesh",NELLORE,DAKKILI,PALUGODU,458,458
"Andhra Pradesh",NELLORE,DAKKILI,PATHANALAPADU,349,349
"Andhra Pradesh",NELLORE,DAKKILI,"SANGANA PALLE",331,331
"Andhra Pradesh",NELLORE,DAKKILI,SREEPURAM,273,273
"Andhra Pradesh",NELLORE,DAKKILI,"THEERTHAM PADU",471,471
"Andhra Pradesh",NELLORE,DAKKILI,V.Y.K.SAMUDRAM,96,96
"Andhra Pradesh",NELLORE,DAKKILI,"VELI KALLU",440,440
"Andhra Pradesh",NELLORE,DAKKILI,VEMBULURU,674,651
"Andhra Pradesh",NELLORE,DORAVARISATRAM,AKKARAPAKA,278,278
"Andhra Pradesh",NELLORE,DORAVARISATRAM,BUDUR,231,231
"Andhra Pradesh",NELLORE,DORAVARISATRAM,KALLURU,181,181
"Andhra Pradesh",NELLORE,DORAVARISATRAM,"KOTHA PALLI",254,254
"Andhra Pradesh",NELLORE,DORAVARISATRAM,MEEZURU,382,382
"Andhra Pradesh",NELLORE,DORAVARISATRAM,"MINAMANA MUDI",335,335
"Andhra Pradesh",NELLORE,DORAVARISATRAM,MODUGULAPALEM,307,307
"Andhra Pradesh",NELLORE,DORAVARISATRAM,"NELA BALI",293,293
"Andhra Pradesh",NELLORE,DORAVARISATRAM,NELAPATTU,201,201
"Andhra Pradesh",NELLORE,DORAVARISATRAM,"NELLORE PALLI",145,145
"Andhra Pradesh",NELLORE,DORAVARISATRAM,"POLIREDDY PALEM",319,319
"Andhra Pradesh",NELLORE,DORAVARISATRAM,POOLATHOTA,595,595
"Andhra Pradesh",NELLORE,SANGAM,"JANGALA KANDRIGA",237,237
"Andhra Pradesh",NELLORE,SANGAM,KOLAGATLA,286,286
"Andhra Pradesh",NELLORE,SANGAM,KORIMERLA,554,554
"Andhra Pradesh",NELLORE,SANGAM,MAKTHAPURAM,429,429
"Andhra Pradesh",NELLORE,SANGAM,MARIPADDU,627,627
"Andhra Pradesh",NELLORE,SANGAM,"NEELAYA PALEM",74,74
"Andhra Pradesh",NELLORE,SANGAM,PADAMATIPALEM,287,287
"Andhra Pradesh",NELLORE,SANGAM,PERAMANA,420,420
"Andhra Pradesh",NELLORE,SANGAM,SANGAM,2251,2251
"Andhra Pradesh",NELLORE,SANGAM,SIDDIPURAM,887,887
"Andhra Pradesh",NELLORE,SANGAM,"TALUPURU PADU",111,111
"Andhra Pradesh",NELLORE,SANGAM,THARUNAVAYA,389,389
"Andhra Pradesh",NELLORE,SANGAM,VANGALLU,604,604
"Andhra Pradesh",NELLORE,SANGAM,VEERLAGUDIPADU,125,125
"Andhra Pradesh",NELLORE,SANGAM,VENGAREDDYPALEM,339,339
"Andhra Pradesh",NELLORE,SEETHARAMAPURAM,AYYAVARIPALLE,142,142
"Andhra Pradesh",NELLORE,SEETHARAMAPURAM,BALAYAPALLE,156,156
"Andhra Pradesh",NELLORE,SEETHARAMAPURAM,BASINENIPALLE,567,567
"Andhra Pradesh",NELLORE,SEETHARAMAPURAM,"CHINA NAGAM PALLE",175,175
"Andhra Pradesh",NELLORE,SEETHARAMAPURAM,DEVAMMACHERUVU,103,103
"Andhra Pradesh",NELLORE,SEETHARAMAPURAM,DEVARAJUSURAYAPALLE,108,108
"Andhra Pradesh",NELLORE,SEETHARAMAPURAM,DEVISETTYPALLE,518,60
"Andhra Pradesh",NELLORE,SEETHARAMAPURAM,GUNDUPALLE,132,132
"Andhra Pradesh",NELLORE,SEETHARAMAPURAM,JAYAPURAM,50,50
"Andhra Pradesh",NELLORE,SEETHARAMAPURAM,MARAMREDDYPALLE,100,100
"Andhra Pradesh",NELLORE,SEETHARAMAPURAM,NEMALLADINNE,70,70
"Andhra Pradesh",NELLORE,SEETHARAMAPURAM,PABBULETIPALLE,157,157
"Andhra Pradesh",NELLORE,SEETHARAMAPURAM,SEETHARAMAPURAM,596,594
"Andhra Pradesh",NELLORE,SEETHARAMAPURAM,SINGAREDDYPALLE,191,191
"Andhra Pradesh",NELLORE,SULLURPETA,ABAKA,502,502
"Andhra Pradesh",NELLORE,SULLURPETA,DAMANALLORE,185,185
"Andhra Pradesh",NELLORE,SULLURPETA,DAMARAYA,264,264
"Andhra Pradesh",NELLORE,SULLURPETA,"GOPALREDDY PALEM",306,306
"Andhra Pradesh",NELLORE,SULLURPETA,ILLUPURU,1297,512
"Andhra Pradesh",NELLORE,SULLURPETA,"K.C.N GUNTA",356,356
"Andhra Pradesh",NELLORE,SULLURPETA,KADAPATRA,499,499
"Andhra Pradesh",NELLORE,SULLURPETA,KORIDI,239,239
"Andhra Pradesh",NELLORE,SULLURPETA,KOTAPOLURU,988,988
"Andhra Pradesh",NELLORE,SULLURPETA,KUDIRI,270,270
"Andhra Pradesh",NELLORE,SULLURPETA,MANGALAMPADU,542,542
"Andhra Pradesh",NELLORE,SULLURPETA,MANGANELLORE,505,505
"Andhra Pradesh",NELLORE,SULLURPETA,MANNEMUTHERI,610,610
"Andhra Pradesh",NELLORE,SULLURPETA,MATHAKAMUDI,214,214
"Andhra Pradesh",NELLORE,SULLURPETA,"NADENDLA VARI KANDRIGI",289,289
"Andhra Pradesh",NELLORE,SULLURPETA,SAMANTHAMALLAM,227,227
"Andhra Pradesh",NELLORE,SULLURPETA,SUGGUPALLE,151,151
"Andhra Pradesh",NELLORE,SULLURPETA,UGGUMUDI,249,249
"Andhra Pradesh",NELLORE,SULLURPETA,"VELEGALA PONNURU",200,200
"Andhra Pradesh",NELLORE,SYDAPURAM,ANANTHAMADUGU,673,484
"Andhra Pradesh",NELLORE,SYDAPURAM,CHAGANAM,523,523
"Andhra Pradesh",NELLORE,SYDAPURAM,"CHAGANAM RAJUPALEM",300,300
"Andhra Pradesh",NELLORE,SYDAPURAM,CHEEKAVOLUR,553,312
"Andhra Pradesh",NELLORE,SYDAPURAM,DEVARAVEMURU,100,100
"Andhra Pradesh",NELLORE,SYDAPURAM,"GOKULA BRUNDAVANAM",1,1
"Andhra Pradesh",NELLORE,SYDAPURAM,GRIDDALUR,610,610
"Andhra Pradesh",NELLORE,SYDAPURAM,GULIMCHERLA,176,176
"Andhra Pradesh",NELLORE,BOGOLE,"J.P. GUDUR",395,395
"Andhra Pradesh",NELLORE,BOGOLE,JUVVALADINNE,2290,2290
"Andhra Pradesh",NELLORE,BOGOLE,KOVURUPALLI,372,372
"Andhra Pradesh",NELLORE,BOGOLE,MUNGAMURU,1017,1017
"Andhra Pradesh",NELLORE,BOGOLE,NAGULAVARAM,1112,1112
"Andhra Pradesh",NELLORE,BOGOLE,"SV PALEM",563,563
"Andhra Pradesh",NELLORE,BOGOLE,THALLURU,726,726
"Andhra Pradesh",NELLORE,BOGOLE,UMAMAHESWARAPURAM,174,174
"Andhra Pradesh",NELLORE,BOGOLE,UNRPETA,770,770
"Andhra Pradesh",NELLORE,BOGOLE,"YENUGULA BAVI",356,356
"Andhra Pradesh",NELLORE,BUTCHIREDDIPALEM,"BUCHIREDDY PALEM",3040,2219
"Andhra Pradesh",NELLORE,BUTCHIREDDIPALEM,CHELLAYAPALEM,686,686
"Andhra Pradesh",NELLORE,BUTCHIREDDIPALEM,DAMARAMADUGU,1142,1142
"Andhra Pradesh",NELLORE,BUTCHIREDDIPALEM,ISAKAPALEM,1580,1580
"Andhra Pradesh",NELLORE,BUTCHIREDDIPALEM,JONNAWADA,373,373
"Andhra Pradesh",NELLORE,BUTCHIREDDIPALEM,KALAYAKAGOLLU,599,599
"Andhra Pradesh",NELLORE,BUTCHIREDDIPALEM,KATTUBADIPALEM,482,482
"Andhra Pradesh",NELLORE,BUTCHIREDDIPALEM,MINAGALLU,794,794
"Andhra Pradesh",NELLORE,BUTCHIREDDIPALEM,MUNULAPUDI,319,319
"Andhra Pradesh",NELLORE,BUTCHIREDDIPALEM,"NAGAIAH GUNTA",306,306
"Andhra Pradesh",NELLORE,BUTCHIREDDIPALEM,NAGAMAMBAPURAM,749,726
"Andhra Pradesh",NELLORE,BUTCHIREDDIPALEM,VAVVERU,612,612
"Andhra Pradesh",NELLORE,CHEJERLA,ADURUPALLI,164,164
"Andhra Pradesh",NELLORE,CHEJERLA,BODIPADU,174,174
"Andhra Pradesh",NELLORE,CHEJERLA,CHEJERLA,316,316
"Andhra Pradesh",NELLORE,CHEJERLA,CHITHALURU,228,228
"Andhra Pradesh",NELLORE,CHEJERLA,GOLLAPALLI,151,151
"Andhra Pradesh",NELLORE,CHEJERLA,KAKIVAYA,352,352
"Andhra Pradesh",NELLORE,CHEJERLA,KOTITHEERTHAM,111,111
"Andhra Pradesh",NELLORE,CHEJERLA,MADAPALLI,399,399
"Andhra Pradesh",NELLORE,CHEJERLA,MAMUDURU,518,213
"Andhra Pradesh",NELLORE,CHEJERLA,N.V.KANDRIKA,356,356
"Andhra Pradesh",NELLORE,CHEJERLA,"NAGULA VELLATURU",574,574
"Andhra Pradesh",NELLORE,CHEJERLA,OBULAYAPALLI,192,192
"Andhra Pradesh",NELLORE,CHEJERLA,PADERU,185,185
"Andhra Pradesh",NELLORE,CHEJERLA,PATHAPADU,87,87
"Andhra Pradesh",NELLORE,CHEJERLA,PELLERU,316,316
"Andhra Pradesh",NELLORE,CHEJERLA,PERUMALLAPADU,271,271
"Andhra Pradesh",NELLORE,CHEJERLA,THIMMAYAPALEM,161,161
"Andhra Pradesh",NELLORE,CHEJERLA,"TURPU KHAMBHAMPADU",201,201
"Andhra Pradesh",NELLORE,CHEJERLA,VAVILERU,383,383
"Andhra Pradesh",NELLORE,CHEJERLA,YANAMADALA,159,159
"Andhra Pradesh",NELLORE,BALAYAPALLE,NINDALI,457,457
"Andhra Pradesh",NELLORE,BUTCHIREDDIPALEM,PANCHEDU,407,407
"Andhra Pradesh",NELLORE,BUTCHIREDDIPALEM,PENUBALLI,570,570
"Andhra Pradesh",NELLORE,BUTCHIREDDIPALEM,REBALA,1208,1208
"Andhra Pradesh",NELLORE,DORAVARISATRAM,SINGANALTHUR,328,328
"Andhra Pradesh",NELLORE,DORAVARISATRAM,SRIDHANAMALLI,453,453
"Andhra Pradesh",NELLORE,DORAVARISATRAM,TANAYALI,503,503
"Andhra Pradesh",NELLORE,DORAVARISATRAM,"THALLAM PADU",508,508
"Andhra Pradesh",NELLORE,DORAVARISATRAM,UTCHURU,469,469
"Andhra Pradesh",NELLORE,DORAVARISATRAM,VEDURUPATTU,288,288
"Andhra Pradesh",NELLORE,DORAVARISATRAM,VENUMBAKA,768,768
"Andhra Pradesh",NELLORE,DORAVARISATRAM,YEKOLLU,647,647
"Andhra Pradesh",NELLORE,DUTTALUR,"REDLA DINNE",157,157
"Andhra Pradesh",NELLORE,DUTTALUR,"BANDAKINDA PALLI",63,63
"Andhra Pradesh",NELLORE,DUTTALUR,BODUVARIPALLE,323,323
"Andhra Pradesh",NELLORE,DUTTALUR,BRAMHESWARAM,179,179
"Andhra Pradesh",NELLORE,DUTTALUR,BYRAVARAM,166,166
"Andhra Pradesh",NELLORE,DUTTALUR,DUTTALUR,2348,520
"Andhra Pradesh",NELLORE,DUTTALUR,"KOTHA PETA",209,209
"Andhra Pradesh",NELLORE,DUTTALUR,"NANDI PADU",188,188
"Andhra Pradesh",NELLORE,DUTTALUR,NARRAWADA,435,435
"Andhra Pradesh",NELLORE,DUTTALUR,PAPAMPALLE,87,87
"Andhra Pradesh",NELLORE,DUTTALUR,"RACHAVARI PALLI",253,253
"Andhra Pradesh",NELLORE,DUTTALUR,"SOMALA REGADA",235,235
"Andhra Pradesh",NELLORE,DUTTALUR,"TEDDU PADU",124,124
"Andhra Pradesh",NELLORE,DUTTALUR,"THIMMA PURM",16,16
"Andhra Pradesh",NELLORE,DUTTALUR,"VENGANNA PALEM",120,120
"Andhra Pradesh",NELLORE,DUTTALUR,"VENKATAM PETA",111,111
"Andhra Pradesh",NELLORE,DUTTALUR,YERUKOLLU,175,175
"Andhra Pradesh",NELLORE,GUDUR,"AYYAVARI PALEM",522,522
"Andhra Pradesh",NELLORE,GUDUR,CHENNUR,0,0
"Andhra Pradesh",NELLORE,GUDUR,DIVIPALEM,1719,1719
"Andhra Pradesh",NELLORE,GUDUR,KANDRA,371,371
"Andhra Pradesh",NELLORE,GUDUR,KOMMANETUR,308,308
"Andhra Pradesh",NELLORE,GUDUR,KONDAGUNTA,300,300
"Andhra Pradesh",NELLORE,GUDUR,KUNDAKUR,329,329
"Andhra Pradesh",NELLORE,GUDUR,MANGALAPUR,968,221
"Andhra Pradesh",NELLORE,GUDUR,MEKANUR,398,398
"Andhra Pradesh",NELLORE,GUDUR,MITTATHMAKUR,421,421
"Andhra Pradesh",NELLORE,GUDUR,NELLATUR,709,709
"Andhra Pradesh",NELLORE,GUDUR,NERNOOR,406,406
"Andhra Pradesh",NELLORE,GUDUR,PAGADALAPALLI,567,567
"Andhra Pradesh",NELLORE,GUDUR,POLICHERLA,190,190
"Andhra Pradesh",NELLORE,GUDUR,POTUPALEM,328,328
"Andhra Pradesh",NELLORE,GUDUR,RAMALINGAPURAM,338,338
"Andhra Pradesh",NELLORE,GUDUR,"SANTHADASU PALLI",259,259
"Andhra Pradesh",NELLORE,GUDUR,THIMMASAMUDRAM,439,439
"Andhra Pradesh",NELLORE,GUDUR,VEDICHERLA,372,372
"Andhra Pradesh",NELLORE,GUDUR,VENDODU,919,919
"Andhra Pradesh",NELLORE,GUDUR,VINDURU,638,638
"Andhra Pradesh",NELLORE,INDUKURPET,"DEVIS PET",403,403
"Andhra Pradesh",NELLORE,INDUKURPET,GANGAPATNAM,934,934
"Andhra Pradesh",NELLORE,INDUKURPET,"INDUKURPET BIT2",602,602
"Andhra Pradesh",NELLORE,INDUKURPET,INDUKURPET1,945,945
"Andhra Pradesh",NELLORE,INDUKURPET,JAGADEVIPET,711,711
"Andhra Pradesh",NELLORE,INDUKURPET,JANAGAMVARIDORYU,96,96
"Andhra Pradesh",NELLORE,INDUKURPET,KOMARIKA,503,503
"Andhra Pradesh",NELLORE,INDUKURPET,KORUTUR,397,397
"Andhra Pradesh",NELLORE,INDUKURPET,"KOTHURU CHINTHOPU",74,74
"Andhra Pradesh",NELLORE,INDUKURPET,"KUDITHI PALEM",606,437
"Andhra Pradesh",NELLORE,INDUKURPET,"LEBUR BIT 1",885,885
"Andhra Pradesh",NELLORE,INDUKURPET,"MUDIVARTHI PALEM",299,299
"Andhra Pradesh",NELLORE,INDUKURPET,MYPADU,1009,1009
"Andhra Pradesh",NELLORE,INDUKURPET,NARASAPURAM,608,608
"Andhra Pradesh",NELLORE,INDUKURPET,NIDIMUSALI,340,340
"Andhra Pradesh",NELLORE,INDUKURPET,PALLIPADU,575,575
"Andhra Pradesh",NELLORE,INDUKURPET,PUNNUR,223,223
"Andhra Pradesh",NELLORE,INDUKURPET,"RAMUDU PALEM",394,394
"Andhra Pradesh",NELLORE,INDUKURPET,RAVOUR,427,427
"Andhra Pradesh",NELLORE,INDUKURPET,"SOMARAJU PALLI",2080,407
"Andhra Pradesh",NELLORE,JALADANKI,ANNAVARAM,851,851
"Andhra Pradesh",NELLORE,JALADANKI,BRAHMANAKRAKA,1677,1453
"Andhra Pradesh",NELLORE,JALADANKI,CHAMADALA,820,820
"Andhra Pradesh",NELLORE,JALADANKI,CHINAKRAKA,655,655
"Andhra Pradesh",NELLORE,JALADANKI,CHOWDAVARAM,322,322
"Andhra Pradesh",NELLORE,JALADANKI,GATTUPALLE,915,915
"Andhra Pradesh",NELLORE,JALADANKI,GOPANNAPALEM,236,236
"Andhra Pradesh",NELLORE,JALADANKI,JALADANKI,1341,1116
"Andhra Pradesh",NELLORE,JALADANKI,JAMALLAPALEM,531,531
"Andhra Pradesh",NELLORE,JALADANKI,KAMMAVARIPALEM,260,260
"Andhra Pradesh",NELLORE,JALADANKI,KESAVARAM,607,607
"Andhra Pradesh",NELLORE,JALADANKI,KOTHAPALEM,238,238
"Andhra Pradesh",NELLORE,JALADANKI,KRISHNAMPADU,184,184
"Andhra Pradesh",NELLORE,JALADANKI,L.R.AGRAHARAM,280,280
"Andhra Pradesh",NELLORE,JALADANKI,SAMAVARAPADU,322,322
"Andhra Pradesh",NELLORE,JALADANKI,VEMULAPADU,395,395
"Andhra Pradesh",NELLORE,KALIGIRI,ANANTAPURAM,287,287
"Andhra Pradesh",NELLORE,KALIGIRI,"CHINA ANNALURU",370,370
"Andhra Pradesh",NELLORE,KALIGIRI,"GANGIREDDY PALEM",1468,435
"Andhra Pradesh",NELLORE,KALIGIRI,GUDLADONA(W),192,192
"Andhra Pradesh",NELLORE,KALIGIRI,KALIGIRI,761,761
"Andhra Pradesh",NELLORE,KALIGIRI,"KAVALI MUSTAPURAM",271,271
"Andhra Pradesh",NELLORE,KALIGIRI,KRAKUTURU,217,217
"Andhra Pradesh",NELLORE,KALIGIRI,KRISHNAREDDYPALEM,253,253
"Andhra Pradesh",NELLORE,KALIGIRI,KUMMARAKONDURU,313,313
"Andhra Pradesh",NELLORE,KALIGIRI,LAXMIPURAM,266,266
"Andhra Pradesh",NELLORE,KALIGIRI,NAGASAMUDRAM,442,442
"Andhra Pradesh",NELLORE,KALIGIRI,PARIKOTA,126,126
"Andhra Pradesh",NELLORE,KALIGIRI,PEDAKONDURU,420,420
"Andhra Pradesh",NELLORE,KALIGIRI,POLAMPADU,208,208
"Andhra Pradesh",NELLORE,KALIGIRI,RAVULAKOLLU,90,90
"Andhra Pradesh",NELLORE,KALIGIRI,SIDDANAKONDURU,179,179
"Andhra Pradesh",NELLORE,KALIGIRI,TELLAPADU,567,567
"Andhra Pradesh",NELLORE,KALIGIRI,"THURPU DUBAGUNTA",209,209
"Andhra Pradesh",NELLORE,KALIGIRI,"THURPU GUDLADONA",90,90
"Andhra Pradesh",NELLORE,KALIGIRI,VELAGAPADU,259,261
"Andhra Pradesh",NELLORE,KALIGIRI,YEPINAPI,111,111
"Andhra Pradesh",NELLORE,KALIGIRI,YERUKULAREDDYPALEM,127,127
"Andhra Pradesh",NELLORE,KALUVOYA,"BADDE VOLU",255,255
"Andhra Pradesh",NELLORE,KALUVOYA,"BALAJI RAO PETA",119,119
"Andhra Pradesh",NELLORE,KALUVOYA,"BRAHMANA PALLI",104,104
"Andhra Pradesh",NELLORE,KALUVOYA,CHEEPINAPI,224,224
"Andhra Pradesh",NELLORE,KALUVOYA,"CHINA GOPAVARAM",270,270
"Andhra Pradesh",NELLORE,SYDAPURAM,JOGIPALLE,143,143
"Andhra Pradesh",NELLORE,SYDAPURAM,KALICHEDU,287,287
"Andhra Pradesh",NELLORE,SYDAPURAM,"KOMATIGUNTA RAJUPALEM",80,80
"Andhra Pradesh",NELLORE,SYDAPURAM,KOMMIPADU,239,211
"Andhra Pradesh",NELLORE,SYDAPURAM,"KRISHANA REDDY PALLE",38,38
"Andhra Pradesh",NELLORE,SYDAPURAM,"LINGA SAMUUDRAM",196,196
"Andhra Pradesh",NELLORE,SYDAPURAM,LINGANAPALEM,63,63
"Andhra Pradesh",NELLORE,SYDAPURAM,MALICHEDU,77,77
"Andhra Pradesh",NELLORE,SYDAPURAM,MARLAPUDI,301,301
"Andhra Pradesh",NELLORE,SYDAPURAM,PALUR,254,254
"Andhra Pradesh",NELLORE,SYDAPURAM,PERUMALLAPADU,253,196
"Andhra Pradesh",NELLORE,SYDAPURAM,POKKANDALA,62,62
"Andhra Pradesh",NELLORE,SYDAPURAM,"POTHE GUNTA",354,354
"Andhra Pradesh",NELLORE,SYDAPURAM,"RAGANA RAMAPURM",108,108
"Andhra Pradesh",NELLORE,SYDAPURAM,"RAJULA YERRA GUNTA PALEM",95,94
"Andhra Pradesh",NELLORE,SYDAPURAM,"RAMA SAGARAM",368,368
"Andhra Pradesh",NELLORE,SYDAPURAM,SYDAPURAM,1271,1271
"Andhra Pradesh",NELLORE,SYDAPURAM,"THIPPI REDDY PALLE",145,145
"Andhra Pradesh",NELLORE,SYDAPURAM,"THUMMALA THALUPUR",368,369
"Andhra Pradesh",NELLORE,SYDAPURAM,TOCHAM,179,179
"Andhra Pradesh",NELLORE,SYDAPURAM,TURIMERLA,526,526
"Andhra Pradesh",NELLORE,SYDAPURAM,UTUKUR,417,417
"Andhra Pradesh",NELLORE,SYDAPURAM,VEMULACHEDU,201,201
"Andhra Pradesh",NELLORE,TADA,ANDAGUNDALA,210,210
"Andhra Pradesh",NELLORE,TADA,"BHEEMULAVARI PALEM",646,646
"Andhra Pradesh",NELLORE,TADA,CHENIGUNTA,254,254
"Andhra Pradesh",NELLORE,TADA,GRADDAGUNTA,353,353
"Andhra Pradesh",NELLORE,TADA,IRAKAM,502,502
"Andhra Pradesh",NELLORE,TADA,KADALURU,362,362
"Andhra Pradesh",NELLORE,TADA,KANDURU,346,346
"Andhra Pradesh",NELLORE,TADA,KARIJATHA,239,239
"Andhra Pradesh",NELLORE,TADA,KARURU,437,437
"Andhra Pradesh",NELLORE,TADA,MAMBATTU,345,345
"Andhra Pradesh",NELLORE,TADA,"PERIYA VATTU",180,180
"Andhra Pradesh",NELLORE,TADA,PUDI,297,297
"Andhra Pradesh",NELLORE,TADA,RAMAPURAM,662,378
"Andhra Pradesh",NELLORE,TADA,TADA,1737,1347
"Andhra Pradesh",NELLORE,TADA,"TADA KANDRIGA",590,590
"Andhra Pradesh",NELLORE,TADA,VATEMBEDU,424,424
"Andhra Pradesh",NELLORE,TADA,VENADU,360,360
"Andhra Pradesh",NELLORE,TADA,VENDALURUPADU,156,156
"Andhra Pradesh",NELLORE,THOTAPALLIGUDUR,"CHINA THOPU",291,291
"Andhra Pradesh",NELLORE,THOTAPALLIGUDUR,"CHINNA CHERUKURU",382,382
"Andhra Pradesh",NELLORE,THOTAPALLIGUDUR,"EDURU - I",309,309
"Andhra Pradesh",NELLORE,THOTAPALLIGUDUR,"EDURU - II (MANDAPAM)",439,439
"Andhra Pradesh",NELLORE,THOTAPALLIGUDUR,ISKAPALEM,370,370
"Andhra Pradesh",NELLORE,THOTAPALLIGUDUR,KODURU,945,945
"Andhra Pradesh",NELLORE,THOTAPALLIGUDUR,KOTHAPALEM,345,343
"Andhra Pradesh",NELLORE,THOTAPALLIGUDUR,"KOVERA PALEM",7,7
"Andhra Pradesh",NELLORE,THOTAPALLIGUDUR,"MACHERLA VARI PALEM",439,439
"Andhra Pradesh",NELLORE,THOTAPALLIGUDUR,"MALLIKARJUNA PURAM",390,390
"Andhra Pradesh",NELLORE,THOTAPALLIGUDUR,MUNGALADORUVU,246,246
"Andhra Pradesh",NELLORE,THOTAPALLIGUDUR,NARUKURU,540,540
"Andhra Pradesh",NELLORE,THOTAPALLIGUDUR,PEDURU,497,497
"Andhra Pradesh",NELLORE,KALUVOYA,CHINTHALAPALEM,344,344
"Andhra Pradesh",NELLORE,KALUVOYA,CHINTHALATMAKUR,141,132
"Andhra Pradesh",NELLORE,KALUVOYA,"CHOWTA PALLI",118,118
"Andhra Pradesh",NELLORE,KALUVOYA,DACHUR,416,416
"Andhra Pradesh",NELLORE,KALUVOYA,KALUVOYA,1556,598
"Andhra Pradesh",NELLORE,KALUVOYA,KANUPURUPALLE,202,202
"Andhra Pradesh",NELLORE,KALUVOYA,"KESAMANENI PALLI",200,200
"Andhra Pradesh",NELLORE,KALUVOYA,UYYALAPALLI,0,0
"Andhra Pradesh",NELLORE,KALUVOYA,KULLUR,206,206
"Andhra Pradesh",NELLORE,KALUVOYA,"MADANNAGARI PALLI",170,170
"Andhra Pradesh",NELLORE,KALUVOYA,"NUKANA PALLI",316,225
"Andhra Pradesh",NELLORE,KALUVOYA,PALLAKONDA,194,194
"Andhra Pradesh",NELLORE,KALUVOYA,PERAMAKONDA,191,191
"Andhra Pradesh",NELLORE,KALUVOYA,"TELUGURAYA PURAM",108,108
"Andhra Pradesh",NELLORE,KALUVOYA,THOPUGUNTA,232,232
"Andhra Pradesh",NELLORE,KAVALI,AMUDALADINNE,532,532
"Andhra Pradesh",NELLORE,KAVALI,ANEMADUGU,858,858
"Andhra Pradesh",NELLORE,KAVALI,ANNAGARIPALEM,681,681
"Andhra Pradesh",NELLORE,KAVALI,BUDAMGUNTA,222,222
"Andhra Pradesh",NELLORE,KAVALI,CHALAMCHARLA,586,586
"Andhra Pradesh",NELLORE,KAVALI,CHENCHUGANIPALEM,436,436
"Andhra Pradesh",NELLORE,KAVALI,"CHENNAYA PALEM",501,501
"Andhra Pradesh",NELLORE,KAVALI,CHOWDARIPALEM,155,155
"Andhra Pradesh",NELLORE,KAVALI,GOWRAVARAM,606,606
"Andhra Pradesh",NELLORE,KAVALI,KOTHAPALLI,498,483
"Andhra Pradesh",NELLORE,KAVALI,LAXMIPURAM,117,117
"Andhra Pradesh",NELLORE,KAVALI,MANNANGIDENNI,397,397
"Andhra Pradesh",NELLORE,KAVALI,MUSUNUR,3,3
"Andhra Pradesh",NELLORE,KAVALI,"PEDDA PATTAPU PALEM",691,691
"Andhra Pradesh",NELLORE,KAVALI,RAJUVARICHINTALAPALEM,310,310
"Andhra Pradesh",NELLORE,KAVALI,RUDHRAKOTA,921,921
"Andhra Pradesh",NELLORE,KAVALI,SARVAYAPALEM,265,265
"Andhra Pradesh",NELLORE,KAVALI,SIRIPURAM,395,395
"Andhra Pradesh",NELLORE,KAVALI,TALLAPALEM,371,371
"Andhra Pradesh",NELLORE,KAVALI,THUMMALAPENTA,4196,1804
"Andhra Pradesh",NELLORE,KODAVALUR,ALLURPADU,559,541
"Andhra Pradesh",NELLORE,KODAVALUR,BASAVAIAPALEM,451,451
"Andhra Pradesh",NELLORE,KODAVALUR,BODDUVARIPALEM,46,46
"Andhra Pradesh",NELLORE,KODAVALUR,DAMEGUNTA,501,501
"Andhra Pradesh",NELLORE,KODAVALUR,GANDAVARAM,1727,1727
"Andhra Pradesh",NELLORE,KODAVALUR,"GUNDALAMMA PALEM",300,300
"Andhra Pradesh",NELLORE,KODAVALUR,KAMMAPALEM,854,854
"Andhra Pradesh",NELLORE,KODAVALUR,KODAVALUR,1189,1189
"Andhra Pradesh",NELLORE,KODAVALUR,KOTHAVANGALLU,1181,1181
"Andhra Pradesh",NELLORE,KODAVALUR,MANEGUNTAPADU,236,236
"Andhra Pradesh",NELLORE,KODAVALUR,"MICLIM PET",437,437
"Andhra Pradesh",NELLORE,KODAVALUR,"NAIDU PALEM",763,763
"Andhra Pradesh",NELLORE,KODAVALUR,"NORTH RAJUPALEM",1287,1287
"Andhra Pradesh",NELLORE,KODAVALUR,PEYYALAPALEM,346,346
"Andhra Pradesh",NELLORE,KODAVALUR,RAGADICHALIKA,623,623
"Andhra Pradesh",NELLORE,KODAVALUR,RAMANNAPALEM,620,620
"Andhra Pradesh",NELLORE,KODAVALUR,"SOUTH HARIJANA WADA",380,380
"Andhra Pradesh",NELLORE,KODAVALUR,SOUTHGANDAVARAM,355,355
"Andhra Pradesh",NELLORE,KODAVALUR,TALAMANCHI,1113,1113
"Andhra Pradesh",NELLORE,THOTAPALLIGUDUR,"POTLA PUDI",262,262
"Andhra Pradesh",NELLORE,THOTAPALLIGUDUR,"SOUTH AMULUR",398,400
"Andhra Pradesh",NELLORE,THOTAPALLIGUDUR,"T.P. GUDUR - II",1309,309
"Andhra Pradesh",NELLORE,THOTAPALLIGUDUR,"T.P.GUDUR - I",801,801
"Andhra Pradesh",NELLORE,THOTAPALLIGUDUR,THOTAPALLI,295,295
"Andhra Pradesh",NELLORE,THOTAPALLIGUDUR,VARAKAVIPADU,576,576
"Andhra Pradesh",NELLORE,THOTAPALLIGUDUR,VARIGONDA,915,915
"Andhra Pradesh",NELLORE,THOTAPALLIGUDUR,VENKANNAPALEM,537,537
"Andhra Pradesh",NELLORE,THOTAPALLIGUDUR,VILUKANIPALLI,132,132
"Andhra Pradesh",NELLORE,UDAYAGIRI,APPASAMUDRAM,190,190
"Andhra Pradesh",NELLORE,UDAYAGIRI,ARLAPADIYA,291,228
"Andhra Pradesh",NELLORE,UDAYAGIRI,BANDAGANIPALLI,199,199
"Andhra Pradesh",NELLORE,UDAYAGIRI,"DASARI PALLE",217,217
"Andhra Pradesh",NELLORE,UDAYAGIRI,"G.AYYAVARI PALLE",165,165
"Andhra Pradesh",NELLORE,UDAYAGIRI,"G.CHERLO PALLE",382,382
"Andhra Pradesh",NELLORE,UDAYAGIRI,G.CHERUVUPALLI,302,220
"Andhra Pradesh",NELLORE,UDAYAGIRI,GANDIPALEM,166,166
"Andhra Pradesh",NELLORE,UDAYAGIRI,GANNEPALLE,258,258
"Andhra Pradesh",NELLORE,UDAYAGIRI,KONDAYAPALEM,328,328
"Andhra Pradesh",NELLORE,UDAYAGIRI,KRISHNAMPALLE,183,183
"Andhra Pradesh",NELLORE,UDAYAGIRI,NELATURU,76,76
"Andhra Pradesh",NELLORE,UDAYAGIRI,PULLAYAPALLE,216,216
"Andhra Pradesh",NELLORE,UDAYAGIRI,SAKUNALAPALLE,201,201
"Andhra Pradesh",NELLORE,UDAYAGIRI,THIRUMALAPURAM,680,680
"Andhra Pradesh",NELLORE,UDAYAGIRI,UDAYAGIRI,1881,1459
"Andhra Pradesh",NELLORE,UDAYAGIRI,"VENGAL RAO NAGAR",261,261
"Andhra Pradesh",NELLORE,VAKADU,"BALI REDDY PALEM",644,644
"Andhra Pradesh",NELLORE,VAKADU,"DUGGARAJA PATNAM",567,567
"Andhra Pradesh",NELLORE,VAKADU,JAMINKOTHAPALEM,789,789
"Andhra Pradesh",NELLORE,VAKADU,JUVVINATTU,179,179
"Andhra Pradesh",NELLORE,VAKADU,KALLURU,510,510
"Andhra Pradesh",NELLORE,VAKADU,KASIPURAM,107,107
"Andhra Pradesh",NELLORE,VAKADU,"KONDA PURAM",467,467
"Andhra Pradesh",NELLORE,VAKADU,KONDURU,360,360
"Andhra Pradesh",NELLORE,VAKADU,MOLAGANURA,209,209
"Andhra Pradesh",NELLORE,VAKADU,MOOLAPADAVA,274,274
"Andhra Pradesh",NELLORE,VAKADU,MUTTEMBAKA,260,260
"Andhra Pradesh",NELLORE,VAKADU,"NELLI PEDI",305,305
"Andhra Pradesh",NELLORE,VAKADU,NIDIGURTHY,501,501
"Andhra Pradesh",NELLORE,VAKADU,PUDIRAYADORUVU,491,491
"Andhra Pradesh",NELLORE,VAKADU,"RAVIGUNTA PALEM",460,460
"Andhra Pradesh",NELLORE,VAKADU,TIRUMUR,146,146
"Andhra Pradesh",NELLORE,VAKADU,VAKADU,1643,1565
"Andhra Pradesh",NELLORE,VAKADU,VALAMEDU,186,186
"Andhra Pradesh",NELLORE,VAKADU,"YARAGATI PALLI",323,323
"Andhra Pradesh",NELLORE,VARIKUNTAPADU,DAKKANUR,113,113
"Andhra Pradesh",NELLORE,VARIKUNTAPADU,GANESWARAPURAM,1230,338
"Andhra Pradesh",NELLORE,VARIKUNTAPADU,GUVVADI,304,304
"Andhra Pradesh",NELLORE,VARIKUNTAPADU,ISAKAPALLE,109,109
"Andhra Pradesh",NELLORE,VARIKUNTAPADU,JADADEVI,40,40
"Andhra Pradesh",NELLORE,VARIKUNTAPADU,KANCHERUVU,158,158
"Andhra Pradesh",NELLORE,VARIKUNTAPADU,"KONDAREDDYPALLE  (T)",0,0
"Andhra Pradesh",NELLORE,VARIKUNTAPADU,KRISHNAMRAJUPALLE,30,30
"Andhra Pradesh",NELLORE,VARIKUNTAPADU,MOHAMADAPURAM,270,270
"Andhra Pradesh",NELLORE,KODAVALUR,VENKANANAPURAM,171,171
"Andhra Pradesh",NELLORE,KODAVALUR,YELLAYAPALEM,2806,2306
"Andhra Pradesh",NELLORE,KONDAPURAM,BHEEMAVARAPPADU,270,270
"Andhra Pradesh",NELLORE,KONDAPURAM,CHINTHALADEEVI,180,180
"Andhra Pradesh",NELLORE,KONDAPURAM,GANUGAPENTA,418,418
"Andhra Pradesh",NELLORE,KONDAPURAM,GARIMINAPENTA,368,368
"Andhra Pradesh",NELLORE,KONDAPURAM,GOTTIGUNDALA,456,456
"Andhra Pradesh",NELLORE,KONDAPURAM,GOTTIGUNDALAPALEM,51,51
"Andhra Pradesh",NELLORE,KONDAPURAM,GUDAVALURU,479,479
"Andhra Pradesh",NELLORE,KONDAPURAM,ISKADAMERLA,417,417
"Andhra Pradesh",NELLORE,KONDAPURAM,KOMMI,805,805
"Andhra Pradesh",NELLORE,KONDAPURAM,MARRIGUNTA,84,84
"Andhra Pradesh",NELLORE,KONDAPURAM,NEKUNAMPETA,482,482
"Andhra Pradesh",NELLORE,KONDAPURAM,PARLAPALLI,751,241
"Andhra Pradesh",NELLORE,KONDAPURAM,RENUMALA,193,193
"Andhra Pradesh",NELLORE,KONDAPURAM,SAIPETA,1130,1130
"Andhra Pradesh",NELLORE,KONDAPURAM,SATYAVOLU,423,423
"Andhra Pradesh",NELLORE,KONDAPURAM,SETTIPALEM,181,181
"Andhra Pradesh",NELLORE,KONDAPURAM,THURPUYARRABALLE,410,410
"Andhra Pradesh",NELLORE,KONDAPURAM,UPPALURU,79,79
"Andhra Pradesh",NELLORE,KONDAPURAM,VELIGANDLA,35,35
"Andhra Pradesh",NELLORE,KOTA,AALAMPADU,255,255
"Andhra Pradesh",NELLORE,KOTA,CHENDUDU,409,409
"Andhra Pradesh",NELLORE,KOTA,CHITTEDU,650,650
"Andhra Pradesh",NELLORE,KOTA,GUDALI,1144,1144
"Andhra Pradesh",NELLORE,KOTA,JARUGUMALLI,458,458
"Andhra Pradesh",NELLORE,KOTA,KARLAPUDI,277,277
"Andhra Pradesh",NELLORE,KOTA,KESAVARAM,689,689
"Andhra Pradesh",NELLORE,KOTA,KOKKUPADU,371,371
"Andhra Pradesh",NELLORE,KOTA,KOTA,1272,1127
"Andhra Pradesh",NELLORE,KOTA,KOTHAPATNAM,667,667
"Andhra Pradesh",NELLORE,KOTA,MADDALI,242,242
"Andhra Pradesh",NELLORE,KOTA,"NELLORE PALLI KOTHA PALEM",123,123
"Andhra Pradesh",NELLORE,KOTA,PUCHALAPALLI,256,256
"Andhra Pradesh",NELLORE,KOTA,RUDRAVARAM,150,150
"Andhra Pradesh",NELLORE,KOTA,SIDDAVARAM,417,417
"Andhra Pradesh",NELLORE,KOTA,"THIMMALANAIDU PALEM",263,263
"Andhra Pradesh",NELLORE,KOTA,"THINNELA PUDI",913,914
"Andhra Pradesh",NELLORE,KOTA,"UNUGUNTA PALEM",758,758
"Andhra Pradesh",NELLORE,KOTA,"UTHAMA NELLORE",261,261
"Andhra Pradesh",NELLORE,KOTA,VENKANNAPALEM,768,768
"Andhra Pradesh",NELLORE,KOTA,VANJIVAKA,477,477
"Andhra Pradesh",NELLORE,KOVUR,"CHERLO PALEM",509,509
"Andhra Pradesh",NELLORE,KOVUR,GANGAVARAM,624,624
"Andhra Pradesh",NELLORE,KOVUR,INAMADUGU,2039,2039
"Andhra Pradesh",NELLORE,KOVUR,KOVUR,4630,4630
"Andhra Pradesh",NELLORE,KOVUR,"LEGUNTA PADU",506,506
"Andhra Pradesh",NELLORE,KOVUR,MODEGUNTA,241,241
"Andhra Pradesh",NELLORE,KOVUR,PADUGUPADU,1561,1459
"Andhra Pradesh",NELLORE,KOVUR,PATURU,1643,1643
"Andhra Pradesh",NELLORE,KOVUR,"POTHIREDDY PALEM",587,587
"Andhra Pradesh",NELLORE,KOVUR,VEGURU,2500,2500
"Andhra Pradesh",NELLORE,MANUBOLU,AKKAMPET,310,310
"Andhra Pradesh",NELLORE,MANUBOLU,BADDEVOLU,471,471
"Andhra Pradesh",NELLORE,VARIKUNTAPADU,N.B.PALLE,107,107
"Andhra Pradesh",NELLORE,VARIKUNTAPADU,NORTHKODAYAPALEM,168,168
"Andhra Pradesh",NELLORE,VARIKUNTAPADU,PAMURUPALLE,50,50
"Andhra Pradesh",NELLORE,VARIKUNTAPADU,PEDDIREDDIPALLE,815,815
"Andhra Pradesh",NELLORE,VARIKUNTAPADU,RAMAPURAM,383,383
"Andhra Pradesh",NELLORE,VARIKUNTAPADU,THOTALACHERUVUPALLE,210,210
"Andhra Pradesh",NELLORE,VARIKUNTAPADU,THURPUBOYAMADUGULA,198,198
"Andhra Pradesh",NELLORE,VARIKUNTAPADU,THURPUROMPIDODLA,149,149
"Andhra Pradesh",NELLORE,VARIKUNTAPADU,TIMMAREDDYPALLE,262,262
"Andhra Pradesh",NELLORE,VARIKUNTAPADU,TOORPUCHANNAMPALLE,224,224
"Andhra Pradesh",NELLORE,VARIKUNTAPADU,VARIKUNTAPADU,224,224
"Andhra Pradesh",NELLORE,VARIKUNTAPADU,VEMPADU,191,191
"Andhra Pradesh",NELLORE,VARIKUNTAPADU,VIRUVURU,309,309
"Andhra Pradesh",NELLORE,VARIKUNTAPADU,YERRAMREDDYPALLE,44,44
"Andhra Pradesh",NELLORE,VENKATACHALAM,ANIKEPALLI,722,722
"Andhra Pradesh",NELLORE,VENKATACHALAM,"ATRAMVARI KANDRIGA",31,31
"Andhra Pradesh",NELLORE,VENKATACHALAM,CHAMUDUGUNTA,514,514
"Andhra Pradesh",NELLORE,VENKATACHALAM,"KANUPUR BIT-1 CHAVATAPALEM",276,276
"Andhra Pradesh",NELLORE,VENKATACHALAM,EDAGALI,518,518
"Andhra Pradesh",NELLORE,VENKATACHALAM,EGUVAMITTA,298,298
"Andhra Pradesh",NELLORE,VENKATACHALAM,GUDLAVARIPALEM,628,628
"Andhra Pradesh",NELLORE,VENKATACHALAM,IDIMEPALLI,382,382
"Andhra Pradesh",NELLORE,VENKATACHALAM,KAKUTUR,210,210
"Andhra Pradesh",NELLORE,VENKATACHALAM,KANDALAPADU,186,186
"Andhra Pradesh",NELLORE,VENKATACHALAM,KANTEPALLI,478,478
"Andhra Pradesh",NELLORE,VENKATACHALAM,"KANUPURU BIT-2",556,556
"Andhra Pradesh",NELLORE,VENKATACHALAM,KASUMURU,492,492
"Andhra Pradesh",NELLORE,VENKATACHALAM,KURICHERLAPADU,331,331
"Andhra Pradesh",NELLORE,VENKATACHALAM,"SARVEPALLI BIT-4 (NIDIGUNTAPALEM)",348,348
"Andhra Pradesh",NELLORE,VENKATACHALAM,PALICHERLAPADU,329,329
"Andhra Pradesh",NELLORE,VENKATACHALAM,PUDIPARTHI,181,181
"Andhra Pradesh",NELLORE,VENKATACHALAM,PUNJULURUPADU,169,169
"Andhra Pradesh",NELLORE,VENKATACHALAM,"RAMDAS KANDRIGA",382,382
"Andhra Pradesh",NELLORE,VENKATACHALAM,"SARVEPALLI BIT-II",2913,531
"Andhra Pradesh",NELLORE,VENKATACHALAM,"SURVEPALLI BIT - III (ISKA PALEM)",248,248
"Andhra Pradesh",NELLORE,VENKATACHALAM,TATIPARTIPALEM,195,195
"Andhra Pradesh",NELLORE,VENKATACHALAM,"SARVEPALLI BIT-1 (THIKKAVARAPPADU)",972,860
"Andhra Pradesh",NELLORE,VENKATACHALAM,"THIRUMALAMMA PALEM",269,269
"Andhra Pradesh",NELLORE,VENKATACHALAM,VENKATACHALAM,585,585
"Andhra Pradesh",NELLORE,VENKATAGIRI,"AMMA PALEM",249,249
"Andhra Pradesh",NELLORE,VENKATAGIRI,"CELIKANA PADU",393,393
"Andhra Pradesh",NELLORE,VENKATAGIRI,CHENANNAPETA,177,177
"Andhra Pradesh",NELLORE,VENKATAGIRI,"CHINTA GUNTA",368,368
"Andhra Pradesh",NELLORE,VENKATAGIRI,"JANGALA PALLI",141,141
"Andhra Pradesh",NELLORE,VENKATAGIRI,"KALA PADU",302,302
"Andhra Pradesh",NELLORE,VENKATAGIRI,"KALAVALA PUDI",608,608
"Andhra Pradesh",NELLORE,VENKATAGIRI,KURJAGUNTA,360,360
"Andhra Pradesh",NELLORE,VENKATAGIRI,LALAPET,169,169
"Andhra Pradesh",NELLORE,VENKATAGIRI,MOGALLAGUNTA,272,272
"Andhra Pradesh",NELLORE,VENKATAGIRI,"PALEM KOTA",392,392
"Andhra Pradesh",NELLORE,VENKATAGIRI,PANJAM,179,179
"Andhra Pradesh",NELLORE,VENKATAGIRI,PAPAMAMBAPURAM,142,142
"Andhra Pradesh",NELLORE,VENKATAGIRI,PETLUR,280,280
"Andhra Pradesh",NELLORE,VENKATAGIRI,SIDDAVARAM,396,372
"Andhra Pradesh",NELLORE,VENKATAGIRI,"SOMASAI GUNTA",244,244
"Andhra Pradesh",NELLORE,VENKATAGIRI,UPPARAPALLI,233,233
"Andhra Pradesh",NELLORE,VENKATAGIRI,VALLIVADU,331,331
"Andhra Pradesh",NELLORE,VENKATAGIRI,YATHALURU,213,213
"Andhra Pradesh",NELLORE,VIDAVALUR,"ALAGANI PADU",566,406
"Andhra Pradesh",NELLORE,VIDAVALUR,"ANNA REDDY PALEM",493,493
"Andhra Pradesh",NELLORE,VIDAVALUR,CHOWKICHERLA,649,649
"Andhra Pradesh",NELLORE,VIDAVALUR,DAMPURU,618,618
"Andhra Pradesh",NELLORE,VIDAVALUR,"DANDI GUNTA",250,250
"Andhra Pradesh",NELLORE,VIDAVALUR,"GADELA DINNE",368,368
"Andhra Pradesh",NELLORE,VIDAVALUR,MUDHIVARTHI,736,725
"Andhra Pradesh",NELLORE,VIDAVALUR,PARLAPALLE,439,439
"Andhra Pradesh",NELLORE,VIDAVALUR,"RAMA THEERTHAM",616,616
"Andhra Pradesh",NELLORE,VIDAVALUR,"RAMACHANDRA PURAM",553,553
"Andhra Pradesh",NELLORE,VIDAVALUR,UTUKUR,1201,1201
"Andhra Pradesh",NELLORE,VIDAVALUR,VARINI,426,426
"Andhra Pradesh",NELLORE,VIDAVALUR,VAVILLA,720,720
"Andhra Pradesh",NELLORE,VIDAVALUR,VIDAVALUR,2228,1042
"Andhra Pradesh",NELLORE,VINJAMUR,A.KISTHIPURAM,199,199
"Andhra Pradesh",NELLORE,VINJAMUR,"BUKKA PURAM",625,625
"Andhra Pradesh",NELLORE,VINJAMUR,"CHAKALI KONDA",567,567
"Andhra Pradesh",NELLORE,VINJAMUR,GUNDEMADAKALA,419,419
"Andhra Pradesh",NELLORE,VINJAMUR,JANARDHANAPURAM,160,160
"Andhra Pradesh",NELLORE,VINJAMUR,"NALLA GONDA",324,324
"Andhra Pradesh",NELLORE,VINJAMUR,NANDIGUNTA,253,253
"Andhra Pradesh",NELLORE,VINJAMUR,RAVIPADU,152,152
"Andhra Pradesh",NELLORE,VINJAMUR,"SANKA VARAM",247,247
"Andhra Pradesh",NELLORE,VINJAMUR,KATEPALLE,776,776
"Andhra Pradesh",NELLORE,VINJAMUR,UTUKUR,326,326
"Andhra Pradesh",NELLORE,VINJAMUR,VINJAMUR,2606,2400
"Andhra Pradesh",NELLORE,VARIKUNTAPADU,"KONDAREDDY PALLE (G)",310,310
"Andhra Pradesh",NELLORE,VENKATAGIRI,PARAVOLU,509,388
"Andhra Pradesh",NELLORE,MANUBOLU,"BANDE PALLE",274,274
"Andhra Pradesh",NELLORE,MANUBOLU,CHARLOPALLE,306,306
"Andhra Pradesh",NELLORE,MANUBOLU,CHERUKUMUDI,409,409
"Andhra Pradesh",NELLORE,MANUBOLU,"GURUGUNDA PUDI",117,117
"Andhra Pradesh",NELLORE,MANUBOLU,"JATLA KONDUR",333,333
"Andhra Pradesh",NELLORE,MANUBOLU,KAGITHALAPURU,492,492
"Andhra Pradesh",NELLORE,MANUBOLU,KAMALAPUDI,295,295
"Andhra Pradesh",NELLORE,MANUBOLU,KATTUVAPALLE,275,275
"Andhra Pradesh",NELLORE,MANUBOLU,KOLANUKUDURU,321,321
"Andhra Pradesh",NELLORE,MANUBOLU,"LAXMINARASA PURAM",222,222
"Andhra Pradesh",NELLORE,MANUBOLU,MADAMANUR,1098,1098
"Andhra Pradesh",NELLORE,MANUBOLU,MANUBOLU,9789,1167
"Andhra Pradesh",NELLORE,MANUBOLU,PIDURU,511,511
"Andhra Pradesh",NELLORE,MANUBOLU,PIDURUPALEM,269,269
"Andhra Pradesh",NELLORE,MANUBOLU,VADLAPUDI,296,296
"Andhra Pradesh",NELLORE,MANUBOLU,VEERAMPALLI,796,796
"Andhra Pradesh",NELLORE,MANUBOLU,VENKANNAPALEM,361,361
"Andhra Pradesh",NELLORE,MARRIPADU,ALLAMPADU,124,124
"Andhra Pradesh",NELLORE,MARRIPADU,BHEEMAVARAM,255,255
"Andhra Pradesh",NELLORE,MARRIPADU,BRAHMANAPALLE,371,371
"Andhra Pradesh",NELLORE,MARRIPADU,BUDAWADA,416,416
"Andhra Pradesh",NELLORE,MARRIPADU,CHABOLU,365,365
"Andhra Pradesh",NELLORE,MARRIPADU,CHILAKAPADU,228,228
"Andhra Pradesh",NELLORE,MARRIPADU,CHINNAMACHANURU,596,454
"Andhra Pradesh",NELLORE,MARRIPADU,CHUNCHULURU,316,316
"Andhra Pradesh",NELLORE,MARRIPADU,D.C.PALLI,414,414
"Andhra Pradesh",NELLORE,MARRIPADU,"EPILA GUNTA",175,175
"Andhra Pradesh",NELLORE,MARRIPADU,IRLAPADU,110,110
"Andhra Pradesh",NELLORE,MARRIPADU,KAMPASAMUDRAM,200,200
"Andhra Pradesh",NELLORE,MARRIPADU,KATHIGUNTA,185,185
"Andhra Pradesh",NELLORE,MARRIPADU,KHADARPUR,212,212
"Andhra Pradesh",NELLORE,MARRIPADU,MARRIPADU,379,379
"Andhra Pradesh",NELLORE,MARRIPADU,NAGINENIGUNTA,422,422
"Andhra Pradesh",NELLORE,MARRIPADU,NANDAVARAM,326,326
"Andhra Pradesh",NELLORE,MARRIPADU,PADAMATINAIDUPALLI,775,1
"Andhra Pradesh",NELLORE,MARRIPADU,PENGALLAPADU,200,200
"Andhra Pradesh",NELLORE,MARRIPADU,PONGURU,199,199
"Andhra Pradesh",NELLORE,MARRIPADU,PONGURUKANDRIGA,144,144
"Andhra Pradesh",NELLORE,MARRIPADU,RAMANAIDUPALLI,163,163
"Andhra Pradesh",NELLORE,MARRIPADU,SINGANAPALLI,157,157
"Andhra Pradesh",NELLORE,MARRIPADU,PALLAVOLU,252,252
"Andhra Pradesh",NELLORE,MUTHUKUR,BHRAMADEVAM,1308,1308
"Andhra Pradesh",NELLORE,MUTHUKUR,"DAMMAYA PALEM",275,275
"Andhra Pradesh",NELLORE,MUTHUKUR,DORUVULAPEM,889,889
"Andhra Pradesh",NELLORE,MUTHUKUR,"DUVVURU VARI PALEM",253,253
"Andhra Pradesh",NELLORE,MUTHUKUR,EPURU,479,479
"Andhra Pradesh",NELLORE,MUTHUKUR,"KRISHNA PATNAM",1631,1631
"Andhra Pradesh",NELLORE,MUTHUKUR,MALLURU,155,155
"Andhra Pradesh",NELLORE,MUTHUKUR,"MAMIDI PADU",218,218
"Andhra Pradesh",NELLORE,MUTHUKUR,MUSUNURIVARIPALEM,367,367
"Andhra Pradesh",NELLORE,MUTHUKUR,MUTHUKURU,1794,1794
"Andhra Pradesh",NELLORE,MUTHUKUR,"NARIKELA PALLI",585,585
"Andhra Pradesh",NELLORE,MUTHUKUR,NELATURU,246,246
"Andhra Pradesh",NELLORE,MUTHUKUR,PANTAPALEM,422,422
"Andhra Pradesh",NELLORE,MUTHUKUR,"PATHURIVARI KANDRIGI",42,42
"Andhra Pradesh",NELLORE,MUTHUKUR,POLAMRAJUGUNTA,93,93
"Andhra Pradesh",NELLORE,MUTHUKUR,POTTEMPADU,240,240
"Andhra Pradesh",NELLORE,MUTHUKUR,PYNAPURAM,453,453
"Andhra Pradesh",NELLORE,MUTHUKUR,TALLAPUDI,237,237
"Andhra Pradesh",NELLORE,MUTHUKUR,VALLURU,339,339
"Andhra Pradesh",NELLORE,NAIDUPETA,ANNAMEDU,718,718
"Andhra Pradesh",NELLORE,NAIDUPETA,ARAVAPERIMIDI,171,171
"Andhra Pradesh",NELLORE,NAIDUPETA,BHEEMAVARAM,207,207
"Andhra Pradesh",NELLORE,NAIDUPETA,CHIGURUPADU,347,347
"Andhra Pradesh",NELLORE,NAIDUPETA,CHILAMATTURU,295,295
"Andhra Pradesh",NELLORE,NAIDUPETA,DWARAKAPURAM,169,169
"Andhra Pradesh",NELLORE,NAIDUPETA,GOTTIPROLU,595,595
"Andhra Pradesh",NELLORE,NAIDUPETA,JUVVALAPALEM,583,583
"Andhra Pradesh",NELLORE,NAIDUPETA,KALLIPADU,324,324
"Andhra Pradesh",NELLORE,NAIDUPETA,KUCHIWADA,158,158
"Andhra Pradesh",NELLORE,NAIDUPETA,MARLAPALLI,172,172
"Andhra Pradesh",NELLORE,NAIDUPETA,MEKANUR,790,790
"Andhra Pradesh",NELLORE,NAIDUPETA,NAIDUPETA,20,0
"Andhra Pradesh",NELLORE,NAIDUPETA,PANDLUR,248,248
"Andhra Pradesh",NELLORE,NAIDUPETA,PUDERU,550,550
"Andhra Pradesh",NELLORE,NAIDUPETA,THIMMAGIKANDRIGA,174,174
"Andhra Pradesh",NELLORE,NAIDUPETA,VINNAMALA,1239,548
"Andhra Pradesh",NELLORE,NELLORE,AMANCHARLA,1116,1116
"Andhra Pradesh",NELLORE,NELLORE,DEVERAPALEM,447,447
"Andhra Pradesh",NELLORE,NELLORE,DONTHALI,357,357
"Andhra Pradesh",NELLORE,NELLORE,GOLLAKANDUKUR,340,340
"Andhra Pradesh",NELLORE,NELLORE,"KAKUPALLI I",228,228
"Andhra Pradesh",NELLORE,NELLORE,KALIVELAEPALEM,425,425
"Andhra Pradesh",NELLORE,NELLORE,KANDAMUR,333,333
"Andhra Pradesh",NELLORE,NELLORE,KOMMARAPUDI,105,105
"Andhra Pradesh",NELLORE,NELLORE,KONDLAPUDI,378,378
"Andhra Pradesh",NELLORE,NELLORE,MADARAJAGUDUR,555,555
"Andhra Pradesh",NELLORE,NELLORE,MULUMUDI,587,587
"Andhra Pradesh",NELLORE,NELLORE,PENNBARTHI,460,460
"Andhra Pradesh",NELLORE,NELLORE,SAJJAPURAM,280,269
"Andhra Pradesh",NELLORE,NELLORE,SOUTHMOPUR,671,671
"Andhra Pradesh",NELLORE,NELLORE,UPPUTUR,181,181
"Andhra Pradesh",NELLORE,NELLORE,"KOTHA VELLANTI",458,458
"Andhra Pradesh",NELLORE,OZILI,"ARIMANI PADU",601,602
"Andhra Pradesh",NELLORE,OZILI,ATHIVARAM,1439,1439
"Andhra Pradesh",NELLORE,OZILI,BATLAKANUPURU,307,307
"Andhra Pradesh",NELLORE,OZILI,"BHUVANAGIRI PALLEM",134,134
"Andhra Pradesh",NELLORE,OZILI,"CHILLA MANU CHENU",328,328
"Andhra Pradesh",NELLORE,OZILI,"GRADDA GUNTA",375,375
"Andhra Pradesh",NELLORE,OZILI,"GURRAM KONDA",171,171
"Andhra Pradesh",NELLORE,OZILI,INUGUNTA,200,200
"Andhra Pradesh",NELLORE,OZILI,KARABALLAVOLU,300,300
"Andhra Pradesh",NELLORE,OZILI,"KONDA VALLI PADU",227,227
"Andhra Pradesh",NELLORE,OZILI,"KOTHA CHERUVU",121,122
"Andhra Pradesh",NELLORE,OZILI,KUNDAM,212,212
"Andhra Pradesh",NELLORE,OZILI,KURUGONDA,498,498
"Andhra Pradesh",NELLORE,OZILI,MACHAVARAM,134,134
"Andhra Pradesh",NELLORE,OZILI,"MANA MALA",228,228
"Andhra Pradesh",NELLORE,OZILI,MANAVALI,216,216
"Andhra Pradesh",NELLORE,OZILI,"MUMMAYA PALEM",79,79
"Andhra Pradesh",NELLORE,OZILI,"NEMALLA PUDU",213,213
"Andhra Pradesh",NELLORE,OZILI,OZILI,1109,711
"Andhra Pradesh",NELLORE,OZILI,"PEDDA PARIYA",314,314
"Andhra Pradesh",NELLORE,OZILI,PUNNEPALLI,299,299
"Andhra Pradesh",NELLORE,OZILI,"RACHA PALEM",207,207
"Andhra Pradesh",NELLORE,OZILI,"RAVI PADU",133,133
"Andhra Pradesh",NELLORE,OZILI,SAGUTURU,385,385
"Andhra Pradesh",NELLORE,OZILI,"THIRUMALA PUDI",180,180
"Andhra Pradesh",NELLORE,OZILI,"VENKATA REDDY PALEM",496,496
"Andhra Pradesh",NELLORE,PELLAKUR,ANAKAVOLU,13,13
"Andhra Pradesh",NELLORE,PELLAKUR,ARDHAMALA,352,352
"Andhra Pradesh",NELLORE,PELLAKUR,BANGARAMPETE,337,337
"Andhra Pradesh",NELLORE,PELLAKUR,"C N PETA",307,307
"Andhra Pradesh",NELLORE,PELLAKUR,CHAVALI,557,557
"Andhra Pradesh",NELLORE,PELLAKUR,CHEMBEDU,559,559
"Andhra Pradesh",NELLORE,PELLAKUR,CHILLAKUR,516,516
"Andhra Pradesh",NELLORE,PELLAKUR,CHINTAPUDI,63,63
"Andhra Pradesh",NELLORE,PELLAKUR,JEELAPATUR,247,247
"Andhra Pradesh",NELLORE,PELLAKUR,KALVAKURU,325,325
"Andhra Pradesh",NELLORE,PELLAKUR,KANURU,407,407
"Andhra Pradesh",NELLORE,PELLAKUR,KOTHUR,174,174
"Andhra Pradesh",NELLORE,PELLAKUR,NANDIMALA,149,149
"Andhra Pradesh",NELLORE,PELLAKUR,NELUBALLI,424,424
"Andhra Pradesh",NELLORE,PELLAKUR,PALACHUR,311,311
"Andhra Pradesh",NELLORE,PELLAKUR,PELLAKUR,518,424
"Andhra Pradesh",NELLORE,PELLAKUR,PUNNEPALLI,185,185
"Andhra Pradesh",NELLORE,PELLAKUR,PULLURU,228,228
"Andhra Pradesh",NELLORE,PELLAKUR,PUNABAKA,345,345
"Andhra Pradesh",NELLORE,PELLAKUR,RAVULAPADU,232,232
"Andhra Pradesh",NELLORE,PELLAKUR,ROSANURU,355,355
"Andhra Pradesh",NELLORE,PELLAKUR,SIRASANAMBEDU,369,369
"Andhra Pradesh",NELLORE,PELLAKUR,TALVAIPADU,333,333
"Andhra Pradesh",NELLORE,PODALAKUR,ALTHURTHI,410,410
"Andhra Pradesh",NELLORE,PODALAKUR,AMMAVARIPALEM,271,271
"Andhra Pradesh",NELLORE,PODALAKUR,AYYAGARIPALEM,203,203
"Andhra Pradesh",NELLORE,CHEJERLA,NERNURU,327,327
"Andhra Pradesh",NELLORE,CHITTAMUR,ALETIPADU,210,210
"Andhra Pradesh",NELLORE,CHITTAMUR,"JAKKALAVARI PALLE",0,0
"Andhra Pradesh",NELLORE,CHITTAMUR,YAKASIRI,630,630
"Andhra Pradesh",NELLORE,DAKKILI,"D. VELLAMPALLI",772,772
"Andhra Pradesh",NELLORE,DAKKILI,"M. VELLAMPALLE",391,391
"Andhra Pradesh",NELLORE,DORAVARISATRAM,ANEPUDI,0,0
"Andhra Pradesh",NELLORE,DORAVARISATRAM,THOGARAMUDI,112,112
"Andhra Pradesh",NELLORE,GUDUR,KANDALI,446,446
"Andhra Pradesh",NELLORE,GUDUR,THIPPAVARAPPADU,439,439
"Andhra Pradesh",NELLORE,KALIGIRI,VEERNAKOLU,221,221
"Andhra Pradesh",NELLORE,MUTHUKUR,"PIDITHA POLUR",738,738
"Andhra Pradesh",NELLORE,NAIDUPETA,KAPULURU,431,431
"Andhra Pradesh",NELLORE,NAIDUPETA,"PUDERU AGRAHARAM",0,0
"Andhra Pradesh",NELLORE,NELLORE,"PATHA VELLANTI",58,58
"Andhra Pradesh",NELLORE,PELLAKUR,"MUMMALAREDDY GUNTA",168,168
